"LEVINHUANG","10/26/2010 1:10:50 PM","Information","Kigg.Repository","LoggingUserRepository","FindByUserName(String userName)","Retrieving user with userName: admin","n/a","127.0.0.1","Mozilla/5.0 (Windows; U; Windows NT 5.1; zh-CN; rv:1.9.2.11) Gecko/20101012 Firefox/3.6.11 ( .NET CLR 3.5.30729; .NET4.0E)","/","/"
"LEVINHUANG","10/26/2010 1:13:06 PM","Warning","Kigg.Web","GlobalApplication","OnEnd()","Application Ended","n/a","n/a","n/a","n/a","n/a"
"LEVINHUANG","10/26/2010 1:13:15 PM","Information","Kigg.Repository","LoggingUserRepository","FindByUserName(String userName)","Retrieving user with userName: admin","n/a","127.0.0.1","Mozilla/5.0 (Windows; U; Windows NT 5.1; zh-CN; rv:1.9.2.11) Gecko/20101012 Firefox/3.6.11 ( .NET CLR 3.5.30729; .NET4.0E)","/","/"
"LEVINHUANG","10/26/2010 1:13:16 PM","Information","Kigg.Repository","LoggingUserRepository","FindByUserName(String userName)","User retrieved with userName: admin","n/a","127.0.0.1","Mozilla/5.0 (Windows; U; Windows NT 5.1; zh-CN; rv:1.9.2.11) Gecko/20101012 Firefox/3.6.11 ( .NET CLR 3.5.30729; .NET4.0E)","/","/"
"LEVINHUANG","10/26/2010 1:13:16 PM","Information","Kigg.Repository","LoggingUserRepository","FindByUserName(String userName)","Retrieving user with userName: support","n/a","127.0.0.1","Mozilla/5.0 (Windows; U; Windows NT 5.1; zh-CN; rv:1.9.2.11) Gecko/20101012 Firefox/3.6.11 ( .NET CLR 3.5.30729; .NET4.0E)","/","/"
"LEVINHUANG","10/26/2010 1:13:16 PM","Information","Kigg.Repository","LoggingUserRepository","FindByUserName(String userName)","User retrieved with userName: support","n/a","127.0.0.1","Mozilla/5.0 (Windows; U; Windows NT 5.1; zh-CN; rv:1.9.2.11) Gecko/20101012 Firefox/3.6.11 ( .NET CLR 3.5.30729; .NET4.0E)","/","/"
"LEVINHUANG","10/26/2010 1:13:16 PM","Information","Kigg.Repository","LoggingUserRepository","FindByUserName(String userName)","Retrieving user with userName: bee","n/a","127.0.0.1","Mozilla/5.0 (Windows; U; Windows NT 5.1; zh-CN; rv:1.9.2.11) Gecko/20101012 Firefox/3.6.11 ( .NET CLR 3.5.30729; .NET4.0E)","/","/"
"LEVINHUANG","10/26/2010 1:13:17 PM","Information","Kigg.Repository","LoggingUserRepository","FindByUserName(String userName)","User retrieved with userName: bee","n/a","127.0.0.1","Mozilla/5.0 (Windows; U; Windows NT 5.1; zh-CN; rv:1.9.2.11) Gecko/20101012 Firefox/3.6.11 ( .NET CLR 3.5.30729; .NET4.0E)","/","/"
"LEVINHUANG","10/26/2010 1:13:17 PM","Information","Kigg.Web","GlobalApplication","OnStart()","Application Started","n/a","127.0.0.1","Mozilla/5.0 (Windows; U; Windows NT 5.1; zh-CN; rv:1.9.2.11) Gecko/20101012 Firefox/3.6.11 ( .NET CLR 3.5.30729; .NET4.0E)","/","/"
"LEVINHUANG","10/26/2010 1:13:22 PM","Information","Kigg.Repository","LoggingStoryRepository","FindPublished(Int32 start, Int32 max)","Retrieving published stories : 0, 20","Unauthenticated User","127.0.0.1","Mozilla/5.0 (Windows; U; Windows NT 5.1; zh-CN; rv:1.9.2.11) Gecko/20101012 Firefox/3.6.11 ( .NET CLR 3.5.30729; .NET4.0E)","/","/"
"LEVINHUANG","10/26/2010 1:13:23 PM","Warning","Kigg.Repository","LoggingStoryRepository","FindPublished(Int32 start, Int32 max)","Did not find any published story : 0, 20","Unauthenticated User","127.0.0.1","Mozilla/5.0 (Windows; U; Windows NT 5.1; zh-CN; rv:1.9.2.11) Gecko/20101012 Firefox/3.6.11 ( .NET CLR 3.5.30729; .NET4.0E)","/","/"
"LEVINHUANG","10/26/2010 1:13:26 PM","Information","Kigg.Repository","LoggingCategoryRepository","FindAll()","Retrieving all Category","Unauthenticated User","127.0.0.1","Mozilla/5.0 (Windows; U; Windows NT 5.1; zh-CN; rv:1.9.2.11) Gecko/20101012 Firefox/3.6.11 ( .NET CLR 3.5.30729; .NET4.0E)","/","/"
"LEVINHUANG","10/26/2010 1:13:26 PM","Information","Kigg.Repository","LoggingCategoryRepository","FindAll()","All category retrieved","Unauthenticated User","127.0.0.1","Mozilla/5.0 (Windows; U; Windows NT 5.1; zh-CN; rv:1.9.2.11) Gecko/20101012 Firefox/3.6.11 ( .NET CLR 3.5.30729; .NET4.0E)","/","/"
"LEVINHUANG","10/26/2010 1:13:27 PM","Information","Kigg.Repository","LoggingUserRepository","FindTop(DateTime startTimestamp, DateTime endTimestamp, Int32 start, Int32 max)","Retrieving top users : 1/11/2008 12:00:00 AM, 10/26/2010 1:13:27 PM, 0, 20","Unauthenticated User","127.0.0.1","Mozilla/5.0 (Windows; U; Windows NT 5.1; zh-CN; rv:1.9.2.11) Gecko/20101012 Firefox/3.6.11 ( .NET CLR 3.5.30729; .NET4.0E)","/","/"
"LEVINHUANG","10/26/2010 1:13:27 PM","Warning","Kigg.Repository","LoggingUserRepository","FindTop(DateTime startTimestamp, DateTime endTimestamp, Int32 start, Int32 max)","Did not find any top user : 1/11/2008 12:00:00 AM, 10/26/2010 1:13:27 PM, 0, 20","Unauthenticated User","127.0.0.1","Mozilla/5.0 (Windows; U; Windows NT 5.1; zh-CN; rv:1.9.2.11) Gecko/20101012 Firefox/3.6.11 ( .NET CLR 3.5.30729; .NET4.0E)","/","/"
"LEVINHUANG","10/26/2010 1:13:27 PM","Information","Kigg.Repository","LoggingUserRepository","FindTop(DateTime startTimestamp, DateTime endTimestamp, Int32 start, Int32 max)","Retrieving top users : 10/25/2010 1:13:27 PM, 10/26/2010 1:13:27 PM, 0, 20","Unauthenticated User","127.0.0.1","Mozilla/5.0 (Windows; U; Windows NT 5.1; zh-CN; rv:1.9.2.11) Gecko/20101012 Firefox/3.6.11 ( .NET CLR 3.5.30729; .NET4.0E)","/","/"
"LEVINHUANG","10/26/2010 1:13:27 PM","Warning","Kigg.Repository","LoggingUserRepository","FindTop(DateTime startTimestamp, DateTime endTimestamp, Int32 start, Int32 max)","Did not find any top user : 10/25/2010 1:13:27 PM, 10/26/2010 1:13:27 PM, 0, 20","Unauthenticated User","127.0.0.1","Mozilla/5.0 (Windows; U; Windows NT 5.1; zh-CN; rv:1.9.2.11) Gecko/20101012 Firefox/3.6.11 ( .NET CLR 3.5.30729; .NET4.0E)","/","/"
"LEVINHUANG","10/26/2010 1:13:28 PM","Information","Kigg.Repository","LoggingTagRepository","FindByUsage(Int32 top)","Retrieving tags by usage : 50","Unauthenticated User","127.0.0.1","Mozilla/5.0 (Windows; U; Windows NT 5.1; zh-CN; rv:1.9.2.11) Gecko/20101012 Firefox/3.6.11 ( .NET CLR 3.5.30729; .NET4.0E)","/","/"
"LEVINHUANG","10/26/2010 1:13:28 PM","Warning","Kigg.Repository","LoggingTagRepository","FindByUsage(Int32 top)","Did not find any tag by Usage: 50","Unauthenticated User","127.0.0.1","Mozilla/5.0 (Windows; U; Windows NT 5.1; zh-CN; rv:1.9.2.11) Gecko/20101012 Firefox/3.6.11 ( .NET CLR 3.5.30729; .NET4.0E)","/","/"
"LEVINHUANG","10/26/2010 1:13:39 PM","Information","Kigg.Repository","LoggingUserRepository","FindTop(DateTime startTimestamp, DateTime endTimestamp, Int32 start, Int32 max)","Retrieving top users : 1/11/2008 12:00:00 AM, 10/26/2010 1:13:39 PM, 0, 20","Unauthenticated User","127.0.0.1","Mozilla/5.0 (Windows; U; Windows NT 5.1; zh-CN; rv:1.9.2.11) Gecko/20101012 Firefox/3.6.11 ( .NET CLR 3.5.30729; .NET4.0E)","/Submit","/Submit"
"LEVINHUANG","10/26/2010 1:13:39 PM","Warning","Kigg.Repository","LoggingUserRepository","FindTop(DateTime startTimestamp, DateTime endTimestamp, Int32 start, Int32 max)","Did not find any top user : 1/11/2008 12:00:00 AM, 10/26/2010 1:13:39 PM, 0, 20","Unauthenticated User","127.0.0.1","Mozilla/5.0 (Windows; U; Windows NT 5.1; zh-CN; rv:1.9.2.11) Gecko/20101012 Firefox/3.6.11 ( .NET CLR 3.5.30729; .NET4.0E)","/Submit","/Submit"
"LEVINHUANG","10/26/2010 1:13:39 PM","Information","Kigg.Repository","LoggingUserRepository","FindTop(DateTime startTimestamp, DateTime endTimestamp, Int32 start, Int32 max)","Retrieving top users : 10/25/2010 1:13:39 PM, 10/26/2010 1:13:39 PM, 0, 20","Unauthenticated User","127.0.0.1","Mozilla/5.0 (Windows; U; Windows NT 5.1; zh-CN; rv:1.9.2.11) Gecko/20101012 Firefox/3.6.11 ( .NET CLR 3.5.30729; .NET4.0E)","/Submit","/Submit"
"LEVINHUANG","10/26/2010 1:13:39 PM","Warning","Kigg.Repository","LoggingUserRepository","FindTop(DateTime startTimestamp, DateTime endTimestamp, Int32 start, Int32 max)","Did not find any top user : 10/25/2010 1:13:39 PM, 10/26/2010 1:13:39 PM, 0, 20","Unauthenticated User","127.0.0.1","Mozilla/5.0 (Windows; U; Windows NT 5.1; zh-CN; rv:1.9.2.11) Gecko/20101012 Firefox/3.6.11 ( .NET CLR 3.5.30729; .NET4.0E)","/Submit","/Submit"
"LEVINHUANG","10/26/2010 1:13:39 PM","Information","Kigg.Repository","LoggingTagRepository","FindByUsage(Int32 top)","Retrieving tags by usage : 50","Unauthenticated User","127.0.0.1","Mozilla/5.0 (Windows; U; Windows NT 5.1; zh-CN; rv:1.9.2.11) Gecko/20101012 Firefox/3.6.11 ( .NET CLR 3.5.30729; .NET4.0E)","/Submit","/Submit"
"LEVINHUANG","10/26/2010 1:13:39 PM","Warning","Kigg.Repository","LoggingTagRepository","FindByUsage(Int32 top)","Did not find any tag by Usage: 50","Unauthenticated User","127.0.0.1","Mozilla/5.0 (Windows; U; Windows NT 5.1; zh-CN; rv:1.9.2.11) Gecko/20101012 Firefox/3.6.11 ( .NET CLR 3.5.30729; .NET4.0E)","/Submit","/Submit"
"LEVINHUANG","10/26/2010 1:13:50 PM","Information","Kigg.Repository","LoggingUserRepository","FindByUserName(String userName)","Retrieving user with userName: admin","Unauthenticated User","127.0.0.1","Mozilla/5.0 (Windows; U; Windows NT 5.1; zh-CN; rv:1.9.2.11) Gecko/20101012 Firefox/3.6.11 ( .NET CLR 3.5.30729; .NET4.0E)","/Login","/Login"
"LEVINHUANG","10/26/2010 1:13:50 PM","Information","Kigg.Repository","LoggingUserRepository","FindByUserName(String userName)","User retrieved with userName: admin","Unauthenticated User","127.0.0.1","Mozilla/5.0 (Windows; U; Windows NT 5.1; zh-CN; rv:1.9.2.11) Gecko/20101012 Firefox/3.6.11 ( .NET CLR 3.5.30729; .NET4.0E)","/Login","/Login"
"LEVINHUANG","10/26/2010 1:13:50 PM","Information","Kigg.Web","MembershipController","Login(String userName, String password, Nullable`1 rememberMe)","User logged in: admin","Unauthenticated User","127.0.0.1","Mozilla/5.0 (Windows; U; Windows NT 5.1; zh-CN; rv:1.9.2.11) Gecko/20101012 Firefox/3.6.11 ( .NET CLR 3.5.30729; .NET4.0E)","/Login","/Login"
"LEVINHUANG","10/26/2010 1:13:50 PM","Information","Kigg.Repository","LoggingUserRepository","FindByUserName(String userName)","Retrieving user with userName: admin","admin","127.0.0.1","Mozilla/5.0 (Windows; U; Windows NT 5.1; zh-CN; rv:1.9.2.11) Gecko/20101012 Firefox/3.6.11 ( .NET CLR 3.5.30729; .NET4.0E)","/Submit","/Submit"
"LEVINHUANG","10/26/2010 1:13:50 PM","Information","Kigg.Repository","LoggingUserRepository","FindByUserName(String userName)","User retrieved with userName: admin","admin","127.0.0.1","Mozilla/5.0 (Windows; U; Windows NT 5.1; zh-CN; rv:1.9.2.11) Gecko/20101012 Firefox/3.6.11 ( .NET CLR 3.5.30729; .NET4.0E)","/Submit","/Submit"
"LEVINHUANG","10/26/2010 1:13:51 PM","Information","Kigg.Repository","LoggingStoryRepository","CountByNew()","Retrieving new count","admin","127.0.0.1","Mozilla/5.0 (Windows; U; Windows NT 5.1; zh-CN; rv:1.9.2.11) Gecko/20101012 Firefox/3.6.11 ( .NET CLR 3.5.30729; .NET4.0E)","/Submit","/Submit"
"LEVINHUANG","10/26/2010 1:13:51 PM","Information","Kigg.Repository","LoggingStoryRepository","CountByNew()","New count retrieved","admin","127.0.0.1","Mozilla/5.0 (Windows; U; Windows NT 5.1; zh-CN; rv:1.9.2.11) Gecko/20101012 Firefox/3.6.11 ( .NET CLR 3.5.30729; .NET4.0E)","/Submit","/Submit"
"LEVINHUANG","10/26/2010 1:13:51 PM","Information","Kigg.Repository","LoggingStoryRepository","CountByUnapproved()","Retrieving unapproved count","admin","127.0.0.1","Mozilla/5.0 (Windows; U; Windows NT 5.1; zh-CN; rv:1.9.2.11) Gecko/20101012 Firefox/3.6.11 ( .NET CLR 3.5.30729; .NET4.0E)","/Submit","/Submit"
"LEVINHUANG","10/26/2010 1:13:51 PM","Information","Kigg.Repository","LoggingStoryRepository","CountByUnapproved()","Unapproved count retrieved","admin","127.0.0.1","Mozilla/5.0 (Windows; U; Windows NT 5.1; zh-CN; rv:1.9.2.11) Gecko/20101012 Firefox/3.6.11 ( .NET CLR 3.5.30729; .NET4.0E)","/Submit","/Submit"
"LEVINHUANG","10/26/2010 1:13:51 PM","Information","Kigg.Repository","LoggingStoryRepository","CountByPublishable(DateTime minimumDate, DateTime maximumDate)","Retrieving publishable count: 10/16/2010 1:13:51 PM-10/26/2010 9:13:51 AM","admin","127.0.0.1","Mozilla/5.0 (Windows; U; Windows NT 5.1; zh-CN; rv:1.9.2.11) Gecko/20101012 Firefox/3.6.11 ( .NET CLR 3.5.30729; .NET4.0E)","/Submit","/Submit"
"LEVINHUANG","10/26/2010 1:13:51 PM","Information","Kigg.Repository","LoggingStoryRepository","CountByPublishable(DateTime minimumDate, DateTime maximumDate)","Publishable count retrieved: 10/16/2010 1:13:51 PM-10/26/2010 9:13:51 AM","admin","127.0.0.1","Mozilla/5.0 (Windows; U; Windows NT 5.1; zh-CN; rv:1.9.2.11) Gecko/20101012 Firefox/3.6.11 ( .NET CLR 3.5.30729; .NET4.0E)","/Submit","/Submit"
"LEVINHUANG","10/26/2010 1:13:52 PM","Information","Kigg.Repository","LoggingUserRepository","FindTop(DateTime startTimestamp, DateTime endTimestamp, Int32 start, Int32 max)","Retrieving top users : 1/11/2008 12:00:00 AM, 10/26/2010 1:13:52 PM, 0, 20","admin","127.0.0.1","Mozilla/5.0 (Windows; U; Windows NT 5.1; zh-CN; rv:1.9.2.11) Gecko/20101012 Firefox/3.6.11 ( .NET CLR 3.5.30729; .NET4.0E)","/Submit","/Submit"
"LEVINHUANG","10/26/2010 1:13:52 PM","Warning","Kigg.Repository","LoggingUserRepository","FindTop(DateTime startTimestamp, DateTime endTimestamp, Int32 start, Int32 max)","Did not find any top user : 1/11/2008 12:00:00 AM, 10/26/2010 1:13:52 PM, 0, 20","admin","127.0.0.1","Mozilla/5.0 (Windows; U; Windows NT 5.1; zh-CN; rv:1.9.2.11) Gecko/20101012 Firefox/3.6.11 ( .NET CLR 3.5.30729; .NET4.0E)","/Submit","/Submit"
"LEVINHUANG","10/26/2010 1:13:52 PM","Information","Kigg.Repository","LoggingUserRepository","FindTop(DateTime startTimestamp, DateTime endTimestamp, Int32 start, Int32 max)","Retrieving top users : 10/25/2010 1:13:52 PM, 10/26/2010 1:13:52 PM, 0, 20","admin","127.0.0.1","Mozilla/5.0 (Windows; U; Windows NT 5.1; zh-CN; rv:1.9.2.11) Gecko/20101012 Firefox/3.6.11 ( .NET CLR 3.5.30729; .NET4.0E)","/Submit","/Submit"
"LEVINHUANG","10/26/2010 1:13:52 PM","Warning","Kigg.Repository","LoggingUserRepository","FindTop(DateTime startTimestamp, DateTime endTimestamp, Int32 start, Int32 max)","Did not find any top user : 10/25/2010 1:13:52 PM, 10/26/2010 1:13:52 PM, 0, 20","admin","127.0.0.1","Mozilla/5.0 (Windows; U; Windows NT 5.1; zh-CN; rv:1.9.2.11) Gecko/20101012 Firefox/3.6.11 ( .NET CLR 3.5.30729; .NET4.0E)","/Submit","/Submit"
"LEVINHUANG","10/26/2010 1:13:52 PM","Information","Kigg.Repository","LoggingTagRepository","FindByUsage(Int32 top)","Retrieving tags by usage : 50","admin","127.0.0.1","Mozilla/5.0 (Windows; U; Windows NT 5.1; zh-CN; rv:1.9.2.11) Gecko/20101012 Firefox/3.6.11 ( .NET CLR 3.5.30729; .NET4.0E)","/Submit","/Submit"
"LEVINHUANG","10/26/2010 1:13:52 PM","Warning","Kigg.Repository","LoggingTagRepository","FindByUsage(Int32 top)","Did not find any tag by Usage: 50","admin","127.0.0.1","Mozilla/5.0 (Windows; U; Windows NT 5.1; zh-CN; rv:1.9.2.11) Gecko/20101012 Firefox/3.6.11 ( .NET CLR 3.5.30729; .NET4.0E)","/Submit","/Submit"
"LEVINHUANG","10/26/2010 1:13:59 PM","Information","Kigg.Repository","LoggingStoryRepository","FindByUrl(String url)","Retrieving story with url: http://www.vivasky.com","admin","127.0.0.1","Mozilla/5.0 (Windows; U; Windows NT 5.1; zh-CN; rv:1.9.2.11) Gecko/20101012 Firefox/3.6.11 ( .NET CLR 3.5.30729; .NET4.0E)","/Retrieve?url=http%3A%2F%2Fwww.vivasky.com","/Retrieve?url=http%3A%2F%2Fwww.vivasky.com"
"LEVINHUANG","10/26/2010 1:13:59 PM","Warning","Kigg.Repository","LoggingStoryRepository","FindByUrl(String url)","Did not find any story with url: http://www.vivasky.com","admin","127.0.0.1","Mozilla/5.0 (Windows; U; Windows NT 5.1; zh-CN; rv:1.9.2.11) Gecko/20101012 Firefox/3.6.11 ( .NET CLR 3.5.30729; .NET4.0E)","/Retrieve?url=http%3A%2F%2Fwww.vivasky.com","/Retrieve?url=http%3A%2F%2Fwww.vivasky.com"
"LEVINHUANG","10/26/2010 1:13:59 PM","Information","Kigg.Infrastructure","LoggingContentService","Get(String url)","Retrieving content of url: http://www.vivasky.com","admin","127.0.0.1","Mozilla/5.0 (Windows; U; Windows NT 5.1; zh-CN; rv:1.9.2.11) Gecko/20101012 Firefox/3.6.11 ( .NET CLR 3.5.30729; .NET4.0E)","/Retrieve?url=http%3A%2F%2Fwww.vivasky.com","/Retrieve?url=http%3A%2F%2Fwww.vivasky.com"
"LEVINHUANG","10/26/2010 1:14:02 PM","Information","Kigg.Infrastructure","LoggingContentService","Get(String url)","Content retrieved for: http://www.vivasky.com","admin","127.0.0.1","Mozilla/5.0 (Windows; U; Windows NT 5.1; zh-CN; rv:1.9.2.11) Gecko/20101012 Firefox/3.6.11 ( .NET CLR 3.5.30729; .NET4.0E)","/Retrieve?url=http%3A%2F%2Fwww.vivasky.com","/Retrieve?url=http%3A%2F%2Fwww.vivasky.com"
"LEVINHUANG","10/26/2010 1:14:11 PM","Information","Kigg.Repository","LoggingUserRepository","FindByUserName(String userName)","Retrieving user with userName: admin","admin","127.0.0.1","Mozilla/5.0 (Windows; U; Windows NT 5.1; zh-CN; rv:1.9.2.11) Gecko/20101012 Firefox/3.6.11 ( .NET CLR 3.5.30729; .NET4.0E)","/Submit","/Submit"
"LEVINHUANG","10/26/2010 1:14:11 PM","Information","Kigg.Repository","LoggingUserRepository","FindByUserName(String userName)","User retrieved with userName: admin","admin","127.0.0.1","Mozilla/5.0 (Windows; U; Windows NT 5.1; zh-CN; rv:1.9.2.11) Gecko/20101012 Firefox/3.6.11 ( .NET CLR 3.5.30729; .NET4.0E)","/Submit","/Submit"
"LEVINHUANG","10/26/2010 1:14:11 PM","Information","Kigg.Infrastructure","LoggingContentService","IsRestricted(String url)","Checking restriction of url: http://www.vivasky.com","admin","127.0.0.1","Mozilla/5.0 (Windows; U; Windows NT 5.1; zh-CN; rv:1.9.2.11) Gecko/20101012 Firefox/3.6.11 ( .NET CLR 3.5.30729; .NET4.0E)","/Submit","/Submit"
"LEVINHUANG","10/26/2010 1:14:11 PM","Warning","Kigg.Infrastructure","LoggingContentService","IsRestricted(String url)","Url is not restricted: http://www.vivasky.com","admin","127.0.0.1","Mozilla/5.0 (Windows; U; Windows NT 5.1; zh-CN; rv:1.9.2.11) Gecko/20101012 Firefox/3.6.11 ( .NET CLR 3.5.30729; .NET4.0E)","/Submit","/Submit"
"LEVINHUANG","10/26/2010 1:14:11 PM","Information","Kigg.Repository","LoggingStoryRepository","FindByUrl(String url)","Retrieving story with url: http://www.vivasky.com","admin","127.0.0.1","Mozilla/5.0 (Windows; U; Windows NT 5.1; zh-CN; rv:1.9.2.11) Gecko/20101012 Firefox/3.6.11 ( .NET CLR 3.5.30729; .NET4.0E)","/Submit","/Submit"
"LEVINHUANG","10/26/2010 1:14:11 PM","Warning","Kigg.Repository","LoggingStoryRepository","FindByUrl(String url)","Did not find any story with url: http://www.vivasky.com","admin","127.0.0.1","Mozilla/5.0 (Windows; U; Windows NT 5.1; zh-CN; rv:1.9.2.11) Gecko/20101012 Firefox/3.6.11 ( .NET CLR 3.5.30729; .NET4.0E)","/Submit","/Submit"
"LEVINHUANG","10/26/2010 1:14:11 PM","Information","Kigg.Repository","LoggingCategoryRepository","FindByUniqueName(String uniqueName)","Retrieving category with unique name: ADO.NET","admin","127.0.0.1","Mozilla/5.0 (Windows; U; Windows NT 5.1; zh-CN; rv:1.9.2.11) Gecko/20101012 Firefox/3.6.11 ( .NET CLR 3.5.30729; .NET4.0E)","/Submit","/Submit"
"LEVINHUANG","10/26/2010 1:14:11 PM","Information","Kigg.Repository","LoggingCategoryRepository","FindByUniqueName(String uniqueName)","Category retrieved with unique name: ADO.NET","admin","127.0.0.1","Mozilla/5.0 (Windows; U; Windows NT 5.1; zh-CN; rv:1.9.2.11) Gecko/20101012 Firefox/3.6.11 ( .NET CLR 3.5.30729; .NET4.0E)","/Submit","/Submit"
"LEVINHUANG","10/26/2010 1:14:11 PM","Information","Kigg.Repository","LoggingStoryRepository","Add(IStory entity)","Adding story: a51dcb77-d781-4243-9a58-98fe71b06785, V198.4HZ « Pirate radio－漫波网络电台","admin","127.0.0.1","Mozilla/5.0 (Windows; U; Windows NT 5.1; zh-CN; rv:1.9.2.11) Gecko/20101012 Firefox/3.6.11 ( .NET CLR 3.5.30729; .NET4.0E)","/Submit","/Submit"
"LEVINHUANG","10/26/2010 1:14:12 PM","Information","Kigg.Repository","LoggingStoryRepository","Add(IStory entity)","Story added: a51dcb77-d781-4243-9a58-98fe71b06785, V198.4HZ « Pirate radio－漫波网络电台","admin","127.0.0.1","Mozilla/5.0 (Windows; U; Windows NT 5.1; zh-CN; rv:1.9.2.11) Gecko/20101012 Firefox/3.6.11 ( .NET CLR 3.5.30729; .NET4.0E)","/Submit","/Submit"
"LEVINHUANG","10/26/2010 1:14:13 PM","Information","Kigg.Infrastructure","LoggingContentService","ShortUrl(String url)","Shortening url: http://www.vivasky.com","admin","127.0.0.1","Mozilla/5.0 (Windows; U; Windows NT 5.1; zh-CN; rv:1.9.2.11) Gecko/20101012 Firefox/3.6.11 ( .NET CLR 3.5.30729; .NET4.0E)","/Submit","/Submit"
"LEVINHUANG","10/26/2010 1:14:14 PM","Information","Kigg.Infrastructure","LoggingContentService","ShortUrl(String url)","Url shortened: http://www.vivasky.com, http://is.gd/gkced","admin","127.0.0.1","Mozilla/5.0 (Windows; U; Windows NT 5.1; zh-CN; rv:1.9.2.11) Gecko/20101012 Firefox/3.6.11 ( .NET CLR 3.5.30729; .NET4.0E)","/Submit","/Submit"
"LEVINHUANG","10/26/2010 1:14:28 PM","Information","Kigg.Repository","LoggingUserRepository","FindByUserName(String userName)","Retrieving user with userName: admin","admin","127.0.0.1","Mozilla/5.0 (Windows; U; Windows NT 5.1; zh-CN; rv:1.9.2.11) Gecko/20101012 Firefox/3.6.11 ( .NET CLR 3.5.30729; .NET4.0E)","/","/"
"LEVINHUANG","10/26/2010 1:14:28 PM","Information","Kigg.Repository","LoggingUserRepository","FindByUserName(String userName)","User retrieved with userName: admin","admin","127.0.0.1","Mozilla/5.0 (Windows; U; Windows NT 5.1; zh-CN; rv:1.9.2.11) Gecko/20101012 Firefox/3.6.11 ( .NET CLR 3.5.30729; .NET4.0E)","/","/"
"LEVINHUANG","10/26/2010 1:14:28 PM","Information","Kigg.Repository","LoggingStoryRepository","FindPublished(Int32 start, Int32 max)","Retrieving published stories : 0, 20","admin","127.0.0.1","Mozilla/5.0 (Windows; U; Windows NT 5.1; zh-CN; rv:1.9.2.11) Gecko/20101012 Firefox/3.6.11 ( .NET CLR 3.5.30729; .NET4.0E)","/","/"
"LEVINHUANG","10/26/2010 1:14:29 PM","Warning","Kigg.Repository","LoggingStoryRepository","FindPublished(Int32 start, Int32 max)","Did not find any published story : 0, 20","admin","127.0.0.1","Mozilla/5.0 (Windows; U; Windows NT 5.1; zh-CN; rv:1.9.2.11) Gecko/20101012 Firefox/3.6.11 ( .NET CLR 3.5.30729; .NET4.0E)","/","/"
"LEVINHUANG","10/26/2010 1:14:29 PM","Information","Kigg.Repository","LoggingStoryRepository","CountByNew()","Retrieving new count","admin","127.0.0.1","Mozilla/5.0 (Windows; U; Windows NT 5.1; zh-CN; rv:1.9.2.11) Gecko/20101012 Firefox/3.6.11 ( .NET CLR 3.5.30729; .NET4.0E)","/","/"
"LEVINHUANG","10/26/2010 1:14:29 PM","Information","Kigg.Repository","LoggingStoryRepository","CountByNew()","New count retrieved","admin","127.0.0.1","Mozilla/5.0 (Windows; U; Windows NT 5.1; zh-CN; rv:1.9.2.11) Gecko/20101012 Firefox/3.6.11 ( .NET CLR 3.5.30729; .NET4.0E)","/","/"
"LEVINHUANG","10/26/2010 1:14:29 PM","Information","Kigg.Repository","LoggingStoryRepository","CountByUnapproved()","Retrieving unapproved count","admin","127.0.0.1","Mozilla/5.0 (Windows; U; Windows NT 5.1; zh-CN; rv:1.9.2.11) Gecko/20101012 Firefox/3.6.11 ( .NET CLR 3.5.30729; .NET4.0E)","/","/"
"LEVINHUANG","10/26/2010 1:14:29 PM","Information","Kigg.Repository","LoggingStoryRepository","CountByUnapproved()","Unapproved count retrieved","admin","127.0.0.1","Mozilla/5.0 (Windows; U; Windows NT 5.1; zh-CN; rv:1.9.2.11) Gecko/20101012 Firefox/3.6.11 ( .NET CLR 3.5.30729; .NET4.0E)","/","/"
"LEVINHUANG","10/26/2010 1:14:29 PM","Information","Kigg.Repository","LoggingStoryRepository","CountByPublishable(DateTime minimumDate, DateTime maximumDate)","Retrieving publishable count: 10/16/2010 1:14:29 PM-10/26/2010 9:14:29 AM","admin","127.0.0.1","Mozilla/5.0 (Windows; U; Windows NT 5.1; zh-CN; rv:1.9.2.11) Gecko/20101012 Firefox/3.6.11 ( .NET CLR 3.5.30729; .NET4.0E)","/","/"
"LEVINHUANG","10/26/2010 1:14:29 PM","Information","Kigg.Repository","LoggingStoryRepository","CountByPublishable(DateTime minimumDate, DateTime maximumDate)","Publishable count retrieved: 10/16/2010 1:14:29 PM-10/26/2010 9:14:29 AM","admin","127.0.0.1","Mozilla/5.0 (Windows; U; Windows NT 5.1; zh-CN; rv:1.9.2.11) Gecko/20101012 Firefox/3.6.11 ( .NET CLR 3.5.30729; .NET4.0E)","/","/"
"LEVINHUANG","10/26/2010 1:14:29 PM","Information","Kigg.Repository","LoggingUserRepository","FindTop(DateTime startTimestamp, DateTime endTimestamp, Int32 start, Int32 max)","Retrieving top users : 1/11/2008 12:00:00 AM, 10/26/2010 1:14:29 PM, 0, 20","admin","127.0.0.1","Mozilla/5.0 (Windows; U; Windows NT 5.1; zh-CN; rv:1.9.2.11) Gecko/20101012 Firefox/3.6.11 ( .NET CLR 3.5.30729; .NET4.0E)","/","/"
"LEVINHUANG","10/26/2010 1:14:29 PM","Warning","Kigg.Repository","LoggingUserRepository","FindTop(DateTime startTimestamp, DateTime endTimestamp, Int32 start, Int32 max)","Did not find any top user : 1/11/2008 12:00:00 AM, 10/26/2010 1:14:29 PM, 0, 20","admin","127.0.0.1","Mozilla/5.0 (Windows; U; Windows NT 5.1; zh-CN; rv:1.9.2.11) Gecko/20101012 Firefox/3.6.11 ( .NET CLR 3.5.30729; .NET4.0E)","/","/"
"LEVINHUANG","10/26/2010 1:14:29 PM","Information","Kigg.Repository","LoggingUserRepository","FindTop(DateTime startTimestamp, DateTime endTimestamp, Int32 start, Int32 max)","Retrieving top users : 10/25/2010 1:14:29 PM, 10/26/2010 1:14:29 PM, 0, 20","admin","127.0.0.1","Mozilla/5.0 (Windows; U; Windows NT 5.1; zh-CN; rv:1.9.2.11) Gecko/20101012 Firefox/3.6.11 ( .NET CLR 3.5.30729; .NET4.0E)","/","/"
"LEVINHUANG","10/26/2010 1:14:29 PM","Warning","Kigg.Repository","LoggingUserRepository","FindTop(DateTime startTimestamp, DateTime endTimestamp, Int32 start, Int32 max)","Did not find any top user : 10/25/2010 1:14:29 PM, 10/26/2010 1:14:29 PM, 0, 20","admin","127.0.0.1","Mozilla/5.0 (Windows; U; Windows NT 5.1; zh-CN; rv:1.9.2.11) Gecko/20101012 Firefox/3.6.11 ( .NET CLR 3.5.30729; .NET4.0E)","/","/"
"LEVINHUANG","10/26/2010 1:14:30 PM","Information","Kigg.Repository","LoggingTagRepository","FindByUsage(Int32 top)","Retrieving tags by usage : 50","admin","127.0.0.1","Mozilla/5.0 (Windows; U; Windows NT 5.1; zh-CN; rv:1.9.2.11) Gecko/20101012 Firefox/3.6.11 ( .NET CLR 3.5.30729; .NET4.0E)","/","/"
"LEVINHUANG","10/26/2010 1:14:30 PM","Warning","Kigg.Repository","LoggingTagRepository","FindByUsage(Int32 top)","Did not find any tag by Usage: 50","admin","127.0.0.1","Mozilla/5.0 (Windows; U; Windows NT 5.1; zh-CN; rv:1.9.2.11) Gecko/20101012 Firefox/3.6.11 ( .NET CLR 3.5.30729; .NET4.0E)","/","/"
"LEVINHUANG","10/26/2010 1:14:32 PM","Information","Kigg.Repository","LoggingUserRepository","FindByUserName(String userName)","Retrieving user with userName: admin","admin","127.0.0.1","Mozilla/5.0 (Windows; U; Windows NT 5.1; zh-CN; rv:1.9.2.11) Gecko/20101012 Firefox/3.6.11 ( .NET CLR 3.5.30729; .NET4.0E)","/Upcoming","/Upcoming"
"LEVINHUANG","10/26/2010 1:14:32 PM","Information","Kigg.Repository","LoggingUserRepository","FindByUserName(String userName)","User retrieved with userName: admin","admin","127.0.0.1","Mozilla/5.0 (Windows; U; Windows NT 5.1; zh-CN; rv:1.9.2.11) Gecko/20101012 Firefox/3.6.11 ( .NET CLR 3.5.30729; .NET4.0E)","/Upcoming","/Upcoming"
"LEVINHUANG","10/26/2010 1:14:32 PM","Information","Kigg.Repository","LoggingStoryRepository","FindUpcoming(Int32 start, Int32 max)","Retrieving upcoming stories : 0, 20","admin","127.0.0.1","Mozilla/5.0 (Windows; U; Windows NT 5.1; zh-CN; rv:1.9.2.11) Gecko/20101012 Firefox/3.6.11 ( .NET CLR 3.5.30729; .NET4.0E)","/Upcoming","/Upcoming"
"LEVINHUANG","10/26/2010 1:14:32 PM","Information","Kigg.Repository","LoggingStoryRepository","FindUpcoming(Int32 start, Int32 max)","Upcoming stories retrieved : 0, 20","admin","127.0.0.1","Mozilla/5.0 (Windows; U; Windows NT 5.1; zh-CN; rv:1.9.2.11) Gecko/20101012 Firefox/3.6.11 ( .NET CLR 3.5.30729; .NET4.0E)","/Upcoming","/Upcoming"
"LEVINHUANG","10/26/2010 1:14:32 PM","Information","Kigg.Repository","LoggingStoryRepository","CountByNew()","Retrieving new count","admin","127.0.0.1","Mozilla/5.0 (Windows; U; Windows NT 5.1; zh-CN; rv:1.9.2.11) Gecko/20101012 Firefox/3.6.11 ( .NET CLR 3.5.30729; .NET4.0E)","/Upcoming","/Upcoming"
"LEVINHUANG","10/26/2010 1:14:32 PM","Information","Kigg.Repository","LoggingStoryRepository","CountByNew()","New count retrieved","admin","127.0.0.1","Mozilla/5.0 (Windows; U; Windows NT 5.1; zh-CN; rv:1.9.2.11) Gecko/20101012 Firefox/3.6.11 ( .NET CLR 3.5.30729; .NET4.0E)","/Upcoming","/Upcoming"
"LEVINHUANG","10/26/2010 1:14:32 PM","Information","Kigg.Repository","LoggingStoryRepository","CountByUnapproved()","Retrieving unapproved count","admin","127.0.0.1","Mozilla/5.0 (Windows; U; Windows NT 5.1; zh-CN; rv:1.9.2.11) Gecko/20101012 Firefox/3.6.11 ( .NET CLR 3.5.30729; .NET4.0E)","/Upcoming","/Upcoming"
"LEVINHUANG","10/26/2010 1:14:32 PM","Information","Kigg.Repository","LoggingStoryRepository","CountByUnapproved()","Unapproved count retrieved","admin","127.0.0.1","Mozilla/5.0 (Windows; U; Windows NT 5.1; zh-CN; rv:1.9.2.11) Gecko/20101012 Firefox/3.6.11 ( .NET CLR 3.5.30729; .NET4.0E)","/Upcoming","/Upcoming"
"LEVINHUANG","10/26/2010 1:14:32 PM","Information","Kigg.Repository","LoggingStoryRepository","CountByPublishable(DateTime minimumDate, DateTime maximumDate)","Retrieving publishable count: 10/16/2010 1:14:32 PM-10/26/2010 9:14:32 AM","admin","127.0.0.1","Mozilla/5.0 (Windows; U; Windows NT 5.1; zh-CN; rv:1.9.2.11) Gecko/20101012 Firefox/3.6.11 ( .NET CLR 3.5.30729; .NET4.0E)","/Upcoming","/Upcoming"
"LEVINHUANG","10/26/2010 1:14:32 PM","Information","Kigg.Repository","LoggingStoryRepository","CountByPublishable(DateTime minimumDate, DateTime maximumDate)","Publishable count retrieved: 10/16/2010 1:14:32 PM-10/26/2010 9:14:32 AM","admin","127.0.0.1","Mozilla/5.0 (Windows; U; Windows NT 5.1; zh-CN; rv:1.9.2.11) Gecko/20101012 Firefox/3.6.11 ( .NET CLR 3.5.30729; .NET4.0E)","/Upcoming","/Upcoming"
"LEVINHUANG","10/26/2010 1:14:33 PM","Information","Kigg.Repository","LoggingUserRepository","FindTop(DateTime startTimestamp, DateTime endTimestamp, Int32 start, Int32 max)","Retrieving top users : 1/11/2008 12:00:00 AM, 10/26/2010 1:14:33 PM, 0, 20","admin","127.0.0.1","Mozilla/5.0 (Windows; U; Windows NT 5.1; zh-CN; rv:1.9.2.11) Gecko/20101012 Firefox/3.6.11 ( .NET CLR 3.5.30729; .NET4.0E)","/Upcoming","/Upcoming"
"LEVINHUANG","10/26/2010 1:14:33 PM","Warning","Kigg.Repository","LoggingUserRepository","FindTop(DateTime startTimestamp, DateTime endTimestamp, Int32 start, Int32 max)","Did not find any top user : 1/11/2008 12:00:00 AM, 10/26/2010 1:14:33 PM, 0, 20","admin","127.0.0.1","Mozilla/5.0 (Windows; U; Windows NT 5.1; zh-CN; rv:1.9.2.11) Gecko/20101012 Firefox/3.6.11 ( .NET CLR 3.5.30729; .NET4.0E)","/Upcoming","/Upcoming"
"LEVINHUANG","10/26/2010 1:14:33 PM","Information","Kigg.Repository","LoggingUserRepository","FindTop(DateTime startTimestamp, DateTime endTimestamp, Int32 start, Int32 max)","Retrieving top users : 10/25/2010 1:14:33 PM, 10/26/2010 1:14:33 PM, 0, 20","admin","127.0.0.1","Mozilla/5.0 (Windows; U; Windows NT 5.1; zh-CN; rv:1.9.2.11) Gecko/20101012 Firefox/3.6.11 ( .NET CLR 3.5.30729; .NET4.0E)","/Upcoming","/Upcoming"
"LEVINHUANG","10/26/2010 1:14:33 PM","Warning","Kigg.Repository","LoggingUserRepository","FindTop(DateTime startTimestamp, DateTime endTimestamp, Int32 start, Int32 max)","Did not find any top user : 10/25/2010 1:14:33 PM, 10/26/2010 1:14:33 PM, 0, 20","admin","127.0.0.1","Mozilla/5.0 (Windows; U; Windows NT 5.1; zh-CN; rv:1.9.2.11) Gecko/20101012 Firefox/3.6.11 ( .NET CLR 3.5.30729; .NET4.0E)","/Upcoming","/Upcoming"
"LEVINHUANG","10/26/2010 1:14:33 PM","Information","Kigg.Repository","LoggingTagRepository","FindByUsage(Int32 top)","Retrieving tags by usage : 50","admin","127.0.0.1","Mozilla/5.0 (Windows; U; Windows NT 5.1; zh-CN; rv:1.9.2.11) Gecko/20101012 Firefox/3.6.11 ( .NET CLR 3.5.30729; .NET4.0E)","/Upcoming","/Upcoming"
"LEVINHUANG","10/26/2010 1:14:33 PM","Warning","Kigg.Repository","LoggingTagRepository","FindByUsage(Int32 top)","Did not find any tag by Usage: 50","admin","127.0.0.1","Mozilla/5.0 (Windows; U; Windows NT 5.1; zh-CN; rv:1.9.2.11) Gecko/20101012 Firefox/3.6.11 ( .NET CLR 3.5.30729; .NET4.0E)","/Upcoming","/Upcoming"
"LEVINHUANG","10/26/2010 1:14:56 PM","Warning","Kigg.Web","GlobalApplication","OnEnd()","Application Ended","n/a","n/a","n/a","n/a","n/a"
